<?xml version="1.0" encoding="UTF-8"?>
<project-private xmlns="http://www.netbeans.org/ns/project-private/1">
    <editor-bookmarks xmlns="http://www.netbeans.org/ns/editor-bookmarks/2" lastBookmarkId="0"/>
    <open-files xmlns="http://www.netbeans.org/ns/projectui-open-files/2">
        <group>
            <file>file:/C:/Users/TOSHIBA/Documents/NetBeansProjects/JavaApplication61/src/javaapplication61/gozluklu.java</file>
            <file>file:/C:/Users/TOSHIBA/Documents/NetBeansProjects/JavaApplication61/src/javaapplication61/oyuncu.java</file>
            <file>file:/C:/Users/TOSHIBA/Documents/NetBeansProjects/JavaApplication61/src/javaapplication61/Vertex.java</file>
            <file>file:/C:/Users/TOSHIBA/Documents/NetBeansProjects/JavaApplication61/src/javaapplication61/gargamel.java</file>
            <file>file:/C:/Users/TOSHIBA/Documents/NetBeansProjects/JavaApplication61/src/javaapplication61/azman.java</file>
            <file>file:/C:/Users/TOSHIBA/Documents/NetBeansProjects/JavaApplication61/src/javaapplication61/JavaApplication61.java</file>
            <file>file:/C:/Users/TOSHIBA/Documents/NetBeansProjects/JavaApplication61/src/javaapplication61/DijkstraShortestPath.java</file>
            <file>file:/C:/Users/TOSHIBA/Documents/NetBeansProjects/JavaApplication61/src/javaapplication61/karakter.java</file>
            <file>file:/C:/Users/TOSHIBA/Documents/NetBeansProjects/JavaApplication61/src/javaapplication61/altın.java</file>
            <file>file:/C:/Users/TOSHIBA/Documents/NetBeansProjects/JavaApplication61/src/javaapplication61/Edge.java</file>
            <file>file:/C:/Users/TOSHIBA/Documents/NetBeansProjects/JavaApplication61/src/javaapplication61/puan.java</file>
            <file>file:/C:/Users/TOSHIBA/Documents/NetBeansProjects/JavaApplication61/src/javaapplication61/tembel.java</file>
            <file>file:/C:/Users/TOSHIBA/Documents/NetBeansProjects/JavaApplication61/harita.txt</file>
            <file>file:/C:/Users/TOSHIBA/Documents/NetBeansProjects/JavaApplication61/src/javaapplication61/obje.java</file>
            <file>file:/C:/Users/TOSHIBA/Documents/NetBeansProjects/JavaApplication61/src/javaapplication61/dusman.java</file>
            <file>file:/C:/Users/TOSHIBA/Documents/NetBeansProjects/JavaApplication61/src/javaapplication61/deneme.java</file>
            <file>file:/C:/Users/TOSHIBA/Documents/NetBeansProjects/JavaApplication61/src/javaapplication61/mantar.java</file>
        </group>
    </open-files>
</project-private>
